{
  "quality_assessment": {
    "high_quality": {
      "blur_score": 1.0,
      "lighting_score": 1.0,
      "brightness": 129.85742513020833,
      "contrast": 79.35535178330001,
      "face_size_score": 0.3,
      "face_area_ratio": 0.0018098958333333333,
      "motion_score": 0.5,
      "overall_quality": 0.725,
      "quality_grade": "good"
    },
    "blurry": {
      "blur_score": 0.033540898327636716,
      "lighting_score": 1.0,
      "brightness": 129.86572591145833,
      "contrast": 25.09868415635777,
      "face_size_score": 0.1,
      "face_area_ratio": 0.0,
      "motion_score": 0.5,
      "overall_quality": 0.38506226949829103,
      "quality_grade": "poor"
    },
    "poor_lighting": {
      "blur_score": 1.0,
      "lighting_score": 0.3,
      "brightness": 32.30187174479167,
      "contrast": 19.431359135447476,
      "face_size_score": 0.3,
      "face_area_ratio": 0.0013427734375,
      "motion_score": 0.5,
      "overall_quality": 0.55,
      "quality_grade": "fair"
    },
    "too_bright": {
      "blur_score": 1.0,
      "lighting_score": 1.0,
      "brightness": 144.37322916666668,
      "contrast": 85.52604959674312,
      "face_size_score": 0.3,
      "face_area_ratio": 0.0011539713541666666,
      "motion_score": 0.5,
      "overall_quality": 0.725,
      "quality_grade": "good"
    },
    "face_too_small": {
      "blur_score": 0.015567708333333334,
      "lighting_score": 0.3,
      "brightness": 50.729166666666664,
      "contrast": 7.10703754308987,
      "face_size_score": 0.3,
      "face_area_ratio": 0.010406901041666666,
      "motion_score": 0.5,
      "overall_quality": 0.2546703125,
      "quality_grade": "poor"
    },
    "face_too_large": {
      "blur_score": 0.30825,
      "lighting_score": 0.7,
      "brightness": 65.3125,
      "contrast": 59.76434843407899,
      "face_size_score": 0.7,
      "face_area_ratio": 0.5442610677083334,
      "motion_score": 0.5,
      "overall_quality": 0.542475,
      "quality_grade": "fair"
    },
    "static": {
      "blur_score": 1.0,
      "lighting_score": 1.0,
      "brightness": 129.85742513020833,
      "contrast": 79.35535178330001,
      "face_size_score": 0.3,
      "face_area_ratio": 0.0018098958333333333,
      "motion_score": 0.5,
      "overall_quality": 0.725,
      "quality_grade": "good"
    },
    "high_motion": {
      "blur_score": 1.0,
      "lighting_score": 1.0,
      "brightness": 129.839833984375,
      "contrast": 79.36253060585422,
      "face_size_score": 0.3,
      "face_area_ratio": 0.0017529296875,
      "motion_score": 0.5,
      "overall_quality": 0.725,
      "quality_grade": "good"
    },
    "screen_background": {
      "blur_score": 0.9850625,
      "lighting_score": 0.7,
      "brightness": 97.15208333333334,
      "contrast": 24.711118361169376,
      "face_size_score": 0.3,
      "face_area_ratio": 0.001044921875,
      "motion_score": 0.5,
      "overall_quality": 0.6455187499999999,
      "quality_grade": "good"
    },
    "natural_background": {
      "blur_score": 1.0,
      "lighting_score": 0.7,
      "brightness": 86.902001953125,
      "contrast": 19.768885581590506,
      "face_size_score": 0.3,
      "face_area_ratio": 0.0021419270833333334,
      "motion_score": 0.5,
      "overall_quality": 0.65,
      "quality_grade": "good"
    }
  },
  "frame_selection": {
    "high_quality": {
      "should_process": true,
      "reason": "process",
      "quality": 0.725
    },
    "blurry": {
      "should_process": false,
      "reason": "quality_too_low",
      "quality": 0.38506226949829103
    },
    "poor_lighting": {
      "should_process": true,
      "reason": "process",
      "quality": 0.55
    },
    "too_bright": {
      "should_process": true,
      "reason": "process",
      "quality": 0.725
    },
    "face_too_small": {
      "should_process": false,
      "reason": "quality_too_low",
      "quality": 0.2546703125
    },
    "face_too_large": {
      "should_process": true,
      "reason": "process",
      "quality": 0.542475
    },
    "static": {
      "should_process": true,
      "reason": "process",
      "quality": 0.725
    },
    "high_motion": {
      "should_process": true,
      "reason": "process",
      "quality": 0.725
    },
    "screen_background": {
      "should_process": true,
      "reason": "process",
      "quality": 0.6455187499999999
    },
    "natural_background": {
      "should_process": true,
      "reason": "process",
      "quality": 0.65
    }
  },
  "background_analysis": {
    "screen_background": {
      "screen_likelihood": 1.0,
      "photo_likelihood": 0.0,
      "natural_likelihood": 1.0,
      "edge_density": 0.07482096354166666,
      "is_screen": true,
      "is_photo": false,
      "is_natural": true,
      "background_suspicion": 1.0
    },
    "natural_background": {
      "screen_likelihood": 1.0,
      "photo_likelihood": 0.7918180227279663,
      "natural_likelihood": 0.7,
      "edge_density": 0.22959635416666666,
      "is_screen": true,
      "is_photo": true,
      "is_natural": true,
      "background_suspicion": 1.0
    }
  },
  "adaptive_processing": {
    "step_1": {
      "suspicion_level": 0.33,
      "frame_rate": 0.2,
      "frame_type": "high_quality"
    },
    "step_2": {
      "suspicion_level": 0.741,
      "frame_rate": 0.2,
      "frame_type": "screen_background"
    },
    "step_3": {
      "suspicion_level": 0.6986999999999999,
      "frame_rate": 0.2,
      "frame_type": "blurry"
    },
    "step_4": {
      "suspicion_level": 0.8340899999999998,
      "frame_rate": 0.2,
      "frame_type": "high_quality"
    }
  },
  "processing_pipeline": {
    "high_quality": {
      "processed": false,
      "reason": "insufficient_motion",
      "quality_metrics": {
        "blur_score": 1.0,
        "lighting_score": 1.0,
        "brightness": 129.85742513020833,
        "contrast": 79.35535178330001,
        "face_size_score": 0.3,
        "face_area_ratio": 0.0018098958333333333,
        "motion_ratio": 0.0,
        "motion_score": 0.2,
        "overall_quality": 0.665,
        "quality_grade": "good"
      },
      "frame_count": 1,
      "cache_hits": 0,
      "quality_filtered": 2,
      "motion_filtered": 1
    },
    "blurry": {
      "processed": false,
      "reason": "quality_too_low",
      "quality_metrics": {
        "blur_score": 0.033540898327636716,
        "lighting_score": 1.0,
        "brightness": 129.86572591145833,
        "contrast": 25.09868415635777,
        "face_size_score": 0.1,
        "face_area_ratio": 0.0,
        "motion_ratio": 0.0,
        "motion_score": 0.2,
        "overall_quality": 0.3250622694982911,
        "quality_grade": "poor"
      },
      "frame_count": 2,
      "cache_hits": 0,
      "quality_filtered": 3,
      "motion_filtered": 1
    },
    "poor_lighting": {
      "processed": false,
      "reason": "insufficient_motion",
      "quality_metrics": {
        "blur_score": 1.0,
        "lighting_score": 0.3,
        "brightness": 32.30187174479167,
        "contrast": 19.431359135447476,
        "face_size_score": 0.3,
        "face_area_ratio": 0.0013427734375,
        "motion_ratio": 0.0,
        "motion_score": 0.2,
        "overall_quality": 0.49,
        "quality_grade": "fair"
      },
      "frame_count": 3,
      "cache_hits": 0,
      "quality_filtered": 3,
      "motion_filtered": 2
    },
    "too_bright": {
      "processed": false,
      "reason": "insufficient_motion",
      "quality_metrics": {
        "blur_score": 1.0,
        "lighting_score": 1.0,
        "brightness": 144.37322916666668,
        "contrast": 85.52604959674312,
        "face_size_score": 0.3,
        "face_area_ratio": 0.0011539713541666666,
        "motion_ratio": 0.0,
        "motion_score": 0.2,
        "overall_quality": 0.665,
        "quality_grade": "good"
      },
      "frame_count": 4,
      "cache_hits": 0,
      "quality_filtered": 3,
      "motion_filtered": 3
    },