{
  "final_test_accuracy": 97.9253112033195,
  "best_validation_accuracy": 98.54771784232365,
  "train_losses": [
    0.5064642465901825,
    0.4151137052279598,
    0.3664757823044399,
    0.32880522641089727,
    0.3174748502249988,
    0.29217941124203073,
    0.2659739152581062,
    0.25746884302429435,
    0.2503813557186217,
    0.22801128033337728,
    0.20087939398890398,
    0.16519727972599696,
    0.1699237260563334,
    0.15582470269873738,
    0.13314304712782,
    0.14723689506656296,
    0.15559058634669715,
    0.17115154948507277,
    0.12794305087190191,
    0.13100713700548094
  ],
  "val_accuracies": [
    75.51867219917013,
    84.02489626556017,
    85.68464730290457,
    86.30705394190872,
    79.04564315352697,
    84.85477178423237,
    82.98755186721992,
    90.04149377593362,
    91.49377593360995,
    92.73858921161826,
    94.39834024896265,
    93.7759336099585,
    94.60580912863071,
    91.90871369294605,
    95.02074688796681,
    92.5311203319502,
    98.54771784232365,
    97.9253112033195,
    96.88796680497926,
    97.5103734439834
  ],
  "test_precision": 97.99134006131655,
  "test_recall": 97.9253112033195,
  "test_f1": 97.93979294858792,
  "total_epochs": 20,
  "dataset_info": {
    "train_samples": 1685,
    "val_samples": 482,
    "test_samples": 241,
    "total_samples": 2408
  }
}